date,n_slots,load_min,load_max,load_mean,complete
2020-01-01,96,203582.5753,258122.9648,223358.01395416667,True
2020-01-02,96,183582.6476,288989.5947,244480.65096562498,True
2020-01-03,96,220689.5301,300705.5858,260544.6854947917,True
2020-01-04,96,224738.5866,293602.5077,262982.94809375,True
2020-01-05,96,224454.817,294855.2147,263579.71734166663,True
2020-01-06,96,226690.9467,291465.15,263817.4422895833,True
2020-01-07,96,224636.8547,292661.2883,259740.15250520836,True
2020-01-08,96,222288.2162,299997.7041,265818.2901708333,True
2020-01-09,96,224629.2019,310392.7345,269330.332609375,True
2020-01-10,96,228308.8327,306818.7119,267473.3803197917,True
2020-01-11,96,225281.1461,299302.4144,265177.2425052083,True
2020-01-12,96,225817.3774,302846.982,265488.378659375,True
2020-01-13,96,223227.5946,293361.4419,261482.67163645834,True
2020-01-14,96,221349.9454,283362.4974,256660.018265625,True
2020-01-15,96,218786.1224,290129.1856,259665.129078125,True
2020-01-16,96,220580.6251,294721.0637,260169.17330520833,True
2020-01-17,96,220487.5486,294961.1641,259622.45060520832,True
2020-01-18,96,217913.6321,290300.2237,259063.23094062498,True
2020-01-19,96,219323.1885,299609.3093,258473.361278125,True
2020-01-20,96,216146.543,282911.8424,254385.05658229164,True
2020-01-21,96,214393.5725,290684.515,251423.74230104164,True
2020-01-22,96,212853.7527,284889.3107,253437.19809687498,True
2020-01-23,96,210885.9999,285749.4413,252722.48038854168,True
2020-01-24,96,207896.0637,286495.5221,251823.81461145834,True
2020-01-25,96,207882.1213,291820.343,250891.87216562498,True
2020-01-26,96,181101.5848,279917.4482,247414.98950625,True
2020-01-27,96,206333.2846,275494.5232,245369.54076770833,True
2020-01-28,96,202474.9245,279548.9776,245838.76269479166,True
2020-01-29,96,203824.8248,302621.3153,255829.66371041667,True
2020-01-30,96,207950.9021,295016.9526,258874.631090625,True
2020-01-31,96,211389.6834,292235.2609,257734.95948854167,True
2020-02-01,96,207549.6781,284312.842,249768.2623875,True
2020-02-02,96,201861.2913,282105.1603,249478.4267625,True
2020-02-03,96,199415.4072,258906.693,231337.40194062502,True
2020-02-04,96,177868.5242,257377.9674,219997.71812708335,True
2020-02-05,96,173662.9101,256420.9913,218998.86200104165,True
2020-02-06,96,168042.8376,242882.1822,207536.2093125,True
2020-02-07,96,156898.8051,236223.8839,200048.08616666668,True
2020-02-08,96,150439.1904,219930.4795,190250.54615208332,True
2020-02-09,96,143880.3265,214977.995,184496.90837083335,True
2020-02-10,96,141338.5764,208286.4532,175814.00445729168,True
2020-02-11,96,137708.8339,214648.154,171959.28759479165,True
2020-02-12,96,133422.9686,200462.463,165334.55567604167,True
2020-02-13,96,127425.6497,186830.4696,158494.26019479168,True
2020-02-14,96,123069.8607,183464.2093,152231.99412604168,True
2020-02-15,96,119118.5889,182748.6766,148993.712021875,True
2020-02-16,96,119036.213,184540.9516,145286.30284270833,True
2020-02-17,96,118544.496,168229.465,143959.52989479166,True
2020-02-18,96,118078.6464,179022.0317,143377.01107395833,True
2020-02-19,96,118090.4541,178707.341,144872.20349583332,True
2020-02-20,96,118899.7894,180044.2514,146880.74614791668,True
2020-02-21,96,120087.3422,193121.9774,150618.8185135417,True
2020-02-22,96,120735.703,190793.2459,157593.001815625,True
2020-02-23,96,125440.6569,209891.1135,165488.894903125,True
2020-02-24,96,129661.9516,205371.9831,170308.972996875,True
2020-02-25,96,133123.3637,215167.4117,177492.8414197917,True
2020-02-26,96,141416.1486,226081.8763,187783.77052395834,True
2020-02-27,96,149286.2973,232302.2593,197085.1924125,True
2020-02-28,96,154223.2119,243480.4603,204504.28020729168,True
2020-02-29,8,188140.0268154639,190964.0552845361,189552.04105,False
2020-03-01,96,161428.9904,250955.6706,211050.733225,True
2020-03-02,96,167428.5128,250806.8452,214047.30782291666,True
2020-03-03,96,169703.455,252724.7404,218392.59153541666,True
2020-03-04,96,172979.9224,261539.1015,221453.262175,True
2020-03-05,96,177765.3022,280441.9871,234017.521878125,True
2020-03-06,96,183389.0984,280034.081,235073.35412083333,True
2020-03-07,96,182886.9502,281314.5412,236379.39543333332,True
2020-03-08,96,188993.404,286394.1139,243932.07473229166,True
2020-03-09,96,208052.6201,290356.1872,253604.36663229167,True
2020-03-10,96,208213.6351,285990.1705,252706.03332083335,True
2020-03-11,96,211607.659,285032.1334,250783.83568125,True
2020-03-12,96,211216.6021,292516.5151,256934.06104166666,True
2020-03-13,96,218123.4906,293842.3273,261055.88206562502,True
2020-03-14,96,206883.919,285354.7193,249943.220221875,True
2020-03-15,96,208738.505,289398.9977,254369.40062916666,True
2020-03-16,96,223090.2641,298372.244,262869.46852395835,True
2020-03-17,96,227550.5948,307374.3603,264249.17645104165,True
2020-03-18,96,228793.6816,291134.6208,260858.50889791665,True
2020-03-19,96,230544.3397,302400.4432,267990.5992635417,True
2020-03-20,96,231619.5755,294013.9528,265862.558575,True
2020-03-21,96,229869.808,298851.518,265316.7667260417,True
2020-03-22,96,230838.5017,295839.7337,265973.12983125,True
2020-03-23,96,229928.9786,295916.3622,266726.67168333335,True
2020-03-24,96,225344.3934,302953.9897,264371.82642604166,True
2020-03-25,96,215687.8955,292328.8173,262337.1504958333,True
2020-03-26,96,228357.6615,299463.0274,267471.10836250003,True
2020-03-27,96,232647.5846,300358.4043,269169.913371875,True
2020-03-28,96,232624.1246,297341.5989,269020.396503125,True
2020-03-29,96,231777.7295,298358.4479,269752.88982604165,True
2020-03-30,96,231470.8999,298196.4628,270314.4119708333,True
2020-03-31,96,234631.3402,293186.1819,266520.80199270835,True
2020-04-01,96,229465.0088,296917.1472,263917.32529375,True
2020-04-02,96,234061.0725,308540.8556,273736.11600416666,True
2020-04-03,96,236226.2142,307390.4708,275692.062746875,True
2020-04-04,96,236044.2238,301033.4732,269741.4813020833,True
2020-04-05,96,223649.2509,257042.1158,238203.69855416668,True
2020-04-06,96,205840.0504,276876.6027,245321.96100416666,True
2020-04-07,96,222799.2378,289347.7177,257806.75160208333,True
2020-04-08,96,228454.2229,292383.7098,264172.54298541666,True
2020-04-09,96,227096.5542,297147.1489,268318.7721739583,True
2020-04-10,96,233319.139,308823.1979,272043.1913385416,True
2020-04-11,96,235518.6871,304611.7881,274486.49079375,True
2020-04-12,96,237429.1747,311371.8354,278366.1914020833,True
2020-04-13,96,242119.6687,322325.8172,282806.74487708334,True
2020-04-14,96,245636.1223,315833.3018,280184.8124239583,True
2020-04-15,96,236351.193,291458.095,263783.4623875,True
2020-04-16,96,230089.095,295734.8143,266643.52228333335,True
2020-04-17,96,230270.5396,297215.0047,266939.24439895834,True
2020-04-18,96,234344.4258,303822.8913,271874.82487708336,True
2020-04-19,96,236549.6803,306511.5523,272678.81402083335,True
2020-04-20,96,235669.8838,308374.6537,274582.37915,True
2020-04-21,96,238065.2619,303780.8769,273986.51288229163,True
2020-04-22,96,235535.5109,302981.2483,271675.51762500004,True
2020-04-23,96,239066.3526,311374.788,279849.05662708334,True
2020-04-24,96,243711.3847,313838.5663,278594.9909864583,True
2020-04-25,96,240870.346,312499.6851,274477.202378125,True
2020-04-26,96,237363.3649,302704.4976,273699.205840625,True
2020-04-27,96,240232.2897,307030.3003,276828.40664270835,True
2020-04-28,96,241602.3252,308037.6795,278259.60205937497,True
2020-04-29,96,241112.3716,312415.7445,274572.75793333334,True
2020-04-30,96,239513.1366,290033.5213,265317.29785000003,True
2020-05-01,96,211493.3937,258863.9569,235499.03789166667,True
2020-05-02,96,194987.6442,315434.9107,264287.95881770836,True
2020-05-03,96,241203.9147,328679.3448,285201.5278239583,True
2020-05-04,96,245653.9621,310476.7512,279632.7237625,True
2020-05-05,96,244750.4056,311655.0189,280354.19988125,True
2020-05-06,96,250012.4753,311937.1643,282930.37610520836,True
2020-05-07,96,250570.757,334173.4147,293538.6610083333,True
2020-05-08,96,247395.9099,320392.4278,285057.625825,True
2020-05-09,96,246572.0044,313916.4452,281363.72407395835,True
2020-05-10,96,241029.7347,306565.6252,277490.73305729165,True
2020-05-11,96,242192.4674,314508.8078,279193.02060416667,True
2020-05-12,96,245191.8971,318266.1976,281960.49390625,True
2020-05-13,96,246737.8129,310069.2071,279827.8030395833,True
2020-05-14,96,246486.3338,338010.7439,294100.56266145833,True
2020-05-15,96,259122.2037,346404.0841,300627.36816145835,True
2020-05-16,96,263367.148,343511.4032,302402.38704375,True
2020-05-17,96,265877.776,339916.84,303416.65957291663,True
2020-05-18,96,266928.1147,347766.527,307859.8812739583,True
2020-05-19,96,272494.65,343726.3594,311341.41774791665,True
2020-05-20,96,278357.9796,336954.2418,311295.05333541665,True
2020-05-21,96,283242.9623,358528.7798,323768.14188333333,True
2020-05-22,96,286107.2371,363029.0504,325497.085328125,True
2020-05-23,96,289748.6212,369600.4681,328619.6006072917,True
2020-05-24,96,292125.1303,362364.5489,328680.63094895834,True
2020-05-25,96,289176.8127,364296.7253,327513.11241875,True
2020-05-26,96,290564.7664,353214.3933,324528.2455875,True
2020-05-27,96,289184.1329,343580.1163,314688.44779166667,True
2020-05-28,96,278988.7701,366257.9054,318176.36870729167,True
2020-05-29,96,284064.0904,357012.042,323291.214425,True
2020-05-30,96,293759.933,363534.0643,328724.23044791666,True
2020-05-31,96,290586.8419,356936.8977,326801.0087145833,True
2020-06-01,96,294074.172,364523.4461,323882.15606562496,True
2020-06-02,96,269451.0073,340796.6705,305871.8866114583,True
2020-06-03,96,271024.5532,335672.3722,305237.04887916666,True
2020-06-04,96,279706.4918,353952.9258,316389.0200802084,True
2020-06-05,96,277887.9692,348637.6692,310382.10442083335,True
2020-06-06,96,268316.4113,333981.4833,300681.88626145833,True
2020-06-07,96,263148.8636,329136.7106,294406.339946875,True
2020-06-08,96,254750.187,318319.4937,282453.94413854164,True
2020-06-09,96,240913.9332,319362.532,282930.39814166666,True
2020-06-10,96,254192.6199,321746.9182,290252.9511020833,True
2020-06-11,96,259892.5233,340670.4113,303363.52468958334,True
2020-06-12,96,278274.0013,345233.2913,307508.77575833333,True
2020-06-13,96,259018.9277,326371.2555,292714.08441145835,True
2020-06-14,96,253528.0523,325861.3075,290006.2232364583,True
2020-06-15,96,256618.1251,322835.5566,291711.42360520834,True
2020-06-16,96,256931.6989,319356.907,288078.26574062504,True
2020-06-17,96,259884.7282,311579.6786,287789.54768124997,True
2020-06-18,96,240875.6073,297469.1659,269023.33235312504,True
2020-06-19,96,240946.2755,342093.4642,298740.2660708334,True
2020-06-20,96,280086.7469,347934.3381,313272.85857708333,True
2020-06-21,96,275895.1395,343674.9721,312349.86776041664,True
2020-06-22,96,276847.2328,343325.287,305658.0762447917,True
2020-06-23,96,262305.1827,320683.5605,289868.68792604166,True
2020-06-24,96,255450.3564,309764.6628,283028.02242604166,True
2020-06-25,96,250606.7353,323047.0885,286629.0485145833,True
2020-06-26,96,248762.7944,319557.7675,285699.9209625,True
2020-06-27,96,249312.1485,329076.2233,292860.16356041667,True
2020-06-28,96,261936.8675,338669.8109,304034.406221875,True
2020-06-29,96,268901.2031,339965.5641,307095.04668958334,True
2020-06-30,96,271890.3845,328747.8384,302921.71191770834,True
2020-07-01,96,262545.2076,324237.6697,296012.334303125,True
2020-07-02,96,266398.8724,344515.6879,305697.406525,True
2020-07-03,96,271947.4834,340815.2326,307833.20739166666,True
2020-07-04,96,272375.4238,345668.0913,311392.8405395833,True
2020-07-05,96,278977.1029,346529.0891,314246.4396270833,True
2020-07-06,96,278367.9564,345338.5177,311310.864409375,True
2020-07-07,96,267922.5486,327533.4564,295816.67926249997,True
2020-07-08,96,252142.4845,311845.6033,284533.02008854167,True
2020-07-09,96,257757.3181,333871.0008,297603.24794895836,True
2020-07-10,96,260207.2738,338169.6503,303127.85374479165,True
2020-07-11,96,267086.0654,345017.2822,309928.00628958334,True
2020-07-12,96,277564.7803,346219.178,314354.304453125,True
2020-07-13,96,276669.227,337905.7847,305462.19031145837,True
2020-07-14,96,258509.2123,316234.2938,286623.3021229167,True
2020-07-15,96,244548.3102,300208.2736,275161.228246875,True
2020-07-16,96,246660.863,326717.1367,289754.1455197917,True
2020-07-17,96,250950.4816,340721.3488,301287.840315625,True
2020-07-18,96,274283.1007,340140.1947,306985.748846875,True
2020-07-19,96,270748.7885,341051.4536,307376.83256249997,True
2020-07-20,96,270079.9105,338734.7472,307322.01378541667,True
2020-07-21,96,268870.439,334990.5102,305048.20948541665,True
2020-07-22,96,271450.7788,323992.6014,298492.7858677083,True
2020-07-23,96,257914.8745,334746.9802,301476.41929062497,True
2020-07-24,96,247357.8874,323537.3724,286769.66634166666,True
2020-07-25,96,251785.193,335294.6755,294909.39972499997,True
2020-07-26,96,252629.4994,333664.0794,293073.95843958337,True
2020-07-27,96,253112.0923,334034.0598,294984.40980729164,True
2020-07-28,96,257193.5139,334137.8221,298041.87858333334,True
2020-07-29,96,260433.1151,323327.1982,293037.62135208334,True
2020-07-30,96,262852.0539,343757.7141,301427.1687864583,True
2020-07-31,96,260254.8648,338377.7882,301233.22170520836,True
2020-08-01,96,260463.6384,334544.5489,302350.06467395835,True
2020-08-02,96,270656.6146,347313.1749,308319.14959270833,True
2020-08-03,96,272940.9074,339869.4327,303937.6858135417,True
2020-08-04,96,264320.9643,336312.7139,301465.6725208333,True
2020-08-05,96,268415.8322,327322.7001,299365.36935729167,True
2020-08-06,96,146382.2767,314792.6266,187325.41528645833,True
2020-08-07,96,175644.5643,343121.7601,299619.34076875,True
2020-08-08,96,248896.7983,340970.6304,299835.4510322917,True
2020-08-09,96,275623.791,357176.2753,317166.9541875,True
2020-08-10,96,22172.4183,344199.5342,272408.0960489583,True
2020-08-11,96,262037.1239,337770.3261,291959.9617864583,True
2020-08-12,96,187786.6658,290256.7888,210321.681215625,True
2020-08-13,96,184141.0447,283796.4423,224232.122928125,True
2020-08-14,96,196688.651,272743.8822,228938.7004395833,True
2020-08-15,96,192212.4775,268257.4855,224445.06298645833,True
2020-08-16,96,177062.6616,268514.7311,222253.075403125,True
2020-08-17,96,189898.6312,266180.7501,223346.41129166668,True
2020-08-18,96,194114.768,256786.5519,218449.8959510417,True
2020-08-19,96,186762.9225,246401.0722,210888.28542083336,True
2020-08-20,96,186435.512,272338.7201,223449.22841666665,True
2020-08-21,96,189462.0526,275028.216,226169.46451770831,True
2020-08-22,96,191749.3536,275697.5684,227151.67562083332,True
2020-08-23,96,191637.4953,269958.0457,224990.20363645835,True
2020-08-24,96,190807.2854,274842.2373,226085.76278541668,True
2020-08-25,96,188177.4041,272888.9935,219114.193353125,True
2020-08-26,96,186490.1205,241625.1351,209082.55084895832,True
2020-08-27,96,176246.4472,268094.9856,220798.18081770834,True
2020-08-28,96,195631.4143,266286.7285,223566.61156562497,True
2020-08-29,96,191804.7712,262305.8176,221478.10458020834,True
2020-08-30,96,194226.2205,265503.1347,219549.35854375002,True
2020-08-31,96,189829.3809,261641.3498,218208.67465833333,True
2020-09-01,96,180242.7111,237811.1855,204419.66585416664,True
2020-09-02,96,182659.7832,230829.129,202904.46987499998,True
2020-09-03,96,185390.8085,276333.4709,219628.69333854166,True
2020-09-04,96,191406.4375,282368.4747,225435.323246875,True
2020-09-05,96,196152.7477,292087.8902,231924.4969979167,True
2020-09-06,96,197428.9451,292006.3328,229202.44461979167,True
2020-09-07,96,196284.7855,271835.9353,228246.50997083331,True
2020-09-08,96,190905.3317,249337.9048,213839.42421458333,True
2020-09-09,96,186741.0623,257609.4981,207700.15729479166,True
2020-09-10,96,184277.5063,263244.4548,218671.32002083331,True
2020-09-11,96,190217.5189,264129.1541,219998.97351458334,True
2020-09-12,96,185479.0222,265397.0444,219846.2283375,True
2020-09-13,96,188398.3913,277796.9679,223597.26006458336,True
2020-09-14,96,189225.5352,272213.4222,225976.34152083332,True
2020-09-15,96,190558.0193,259843.624,220471.41041875002,True
2020-09-16,96,123966.104,209274.9561,166546.7053625,True
2020-09-17,96,118334.4316,238779.9619,180408.08175104167,True
2020-09-18,96,171522.1871,283243.0496,219175.85157604166,True
2020-09-19,96,193900.7648,287887.8111,226441.11972812502,True
2020-09-20,96,197393.3167,289597.4628,230098.03545208334,True
2020-09-21,96,194860.9377,292810.9729,231425.973665625,True
2020-09-22,96,194650.2765,258611.7026,219987.93781041668,True
2020-09-23,96,190650.812,243532.8134,212681.53967812497,True
2020-09-24,96,145969.3744,232681.9612,178734.08812708335,True
2020-09-25,96,143231.4442,256254.4936,201721.80383333334,True
2020-09-26,96,177198.4047,265566.5182,219820.83375,True
2020-09-27,96,190731.6757,259193.264,220317.9026875,True
2020-09-28,96,187550.1193,250222.4241,214715.14744270834,True
2020-09-29,96,185321.1393,250581.8154,213517.87786145834,True
2020-09-30,96,178663.4638,249162.635,207128.2570729167,True
2020-10-01,96,143199.0278,203042.6174,171887.768971875,True
2020-10-02,96,132670.6138,196085.172,166019.084425,True
2020-10-03,96,146419.3382,208289.3521,176758.33580312502,True
2020-10-04,96,162754.5479,224067.6574,192655.97614479167,True
2020-10-05,96,176940.7034,251425.0821,198756.6770375,True
2020-10-06,96,173971.5842,231797.9125,201914.88977916667,True
2020-10-07,96,181149.6631,251232.5232,203384.2177,True
2020-10-08,96,186512.378,259753.5455,216517.411128125,True
2020-10-09,96,189280.4093,271640.6306,219084.10031875002,True
2020-10-10,96,186768.3496,244692.5774,211481.35043333334,True
2020-10-11,96,181116.6749,240051.839,205437.81182395833,True
2020-10-12,96,183283.6626,234827.8882,203887.11929895834,True
2020-10-13,96,184206.6228,240226.0696,204613.9320875,True
2020-10-14,96,183456.0533,233358.0735,201640.77219583336,True
2020-10-15,96,187013.0219,249506.5512,210288.21736875002,True
2020-10-16,96,182407.0235,259140.6021,206697.34336666667,True
2020-10-17,96,176017.2775,253941.3484,204680.21862604166,True
2020-10-18,96,185224.0256,237887.0293,206514.95815833332,True
2020-10-19,96,184991.4549,240491.0834,208809.33038333335,True
2020-10-20,96,183311.9294,243357.0834,205069.166246875,True
2020-10-21,96,182245.5452,251570.1472,200279.268953125,True
2020-10-22,96,180736.4333,247570.3712,210639.46385208334,True
2020-10-23,96,186395.8224,247275.1122,208656.08830104166,True
2020-10-24,96,185534.3661,253760.2418,208338.12267916664,True
2020-10-25,96,150015.0712,254841.8517,210947.25834375,True
2020-10-26,96,187327.4735,244744.8472,209832.272078125,True
2020-10-27,96,184274.575,236863.3254,205278.99953020833,True
2020-10-28,96,176706.2291,224625.24,196214.88427083334,True
2020-10-29,96,176332.6572,243754.5894,202876.07208125,True
2020-10-30,96,178200.9283,230507.2667,201728.77921458334,True
2020-10-31,96,179053.8522,241402.7491,199956.84069895835,True
2020-11-01,96,179376.4575,249367.0439,201567.41156666668,True
2020-11-02,96,180156.7431,245990.9367,203718.13729791666,True
2020-11-03,96,187834.3566,225125.5962,202518.34115833335,True
2020-11-04,96,177539.3294,228912.8734,194318.86046875,True
2020-11-05,96,182003.8043,245101.2635,205448.72583541667,True
2020-11-06,96,188521.0388,247661.4391,210025.23599791666,True
2020-11-07,96,189770.7415,240158.1348,209221.95579375,True
2020-11-08,96,185912.4669,254604.9035,205898.45353541666,True
2020-11-09,96,188647.3141,237240.1517,207476.42867083332,True
2020-11-10,96,186998.2111,236685.0754,204062.33436770833,True
2020-11-11,96,178874.1069,240181.8901,197129.32318125002,True
2020-11-12,96,179147.4152,245964.0069,204264.05099166665,True
2020-11-13,96,182150.8939,256275.8323,203516.17530104166,True
2020-11-14,96,59306.2544,245091.144,197278.01864479168,True
2020-11-15,96,187223.8848,237749.486,207153.8223125,True
2020-11-16,96,35114.5412,248203.4635,200920.13543020832,True
2020-11-17,96,181172.5831,219495.1758,196665.1381625,True
2020-11-18,96,19994.8171,218270.1556,176889.99603125,True
2020-11-19,96,175624.3724,238926.169,199083.727396875,True
2020-11-20,96,183161.9086,227894.2396,202388.2153,True
2020-11-21,96,179310.108,241424.7649,201558.97990625,True
2020-11-22,96,178246.627,253205.3088,200827.71142291665,True
2020-11-23,96,179183.6682,239794.5634,200739.72712291664,True
2020-11-24,96,176860.6312,235864.523,197862.16422604167,True
2020-11-25,96,177439.1248,238088.8585,192929.97314375,True
2020-11-26,96,161655.1251,235679.9486,197536.11423333336,True
2020-11-27,96,161234.8764,249121.7536,195417.84319583335,True
2020-11-28,96,175014.4342,227232.8951,196824.0374,True
2020-11-29,96,170165.4338,237869.1433,201563.34277604168,True
2020-11-30,96,57906.0745,242030.9733,184520.20073854167,True
2020-12-01,96,173785.5881,226508.601,193171.03939479167,True
2020-12-02,96,172710.5566,226603.6008,191642.9645354167,True
2020-12-03,96,174729.6736,236339.2205,201569.041978125,True
2020-12-04,96,181031.6756,235396.8346,206266.20640729167,True
2020-12-05,96,181094.3032,238172.4229,205777.93780624997,True
2020-12-06,96,183763.4804,249723.9204,207156.638853125,True
2020-12-07,96,179375.4851,227886.3399,200808.89082916666,True
2020-12-08,96,180268.7504,233147.8865,196726.37176979167,True
2020-12-09,96,176822.4895,228552.2064,191813.56248645834,True
2020-12-10,96,177125.5736,251665.0151,198454.93731354165,True
2020-12-11,96,178609.7998,227857.8582,198991.87444583335,True
2020-12-12,96,179351.1924,237376.537,201401.18543125,True
2020-12-13,96,182429.1773,240886.4539,202877.15658229167,True
2020-12-14,96,183026.2444,251596.3415,204638.0440791667,True
2020-12-15,96,179726.4158,230520.1612,195196.37550729167,True
2020-12-16,96,176190.1285,215408.8776,188367.58099375002,True
2020-12-17,96,176498.6209,238549.9946,198423.21213124998,True
2020-12-18,96,183861.7188,243089.2921,201352.15749895832,True
2020-12-19,96,177327.4173,251731.0204,201326.75380416668,True
2020-12-20,96,178892.954,255653.0522,202266.46868541665,True
2020-12-21,96,178466.8441,250612.1769,201638.20470208334,True
2020-12-22,96,182265.2931,228157.3966,198545.07894062498,True
2020-12-23,96,178703.0281,226937.5863,192695.30653125,True
2020-12-24,96,179528.5016,247573.567,198209.59082604165,True
2020-12-25,96,182018.2937,238607.8424,200576.96710416666,True
2020-12-26,96,182475.0011,235838.4681,201347.429784375,True
2020-12-27,96,178463.6053,249269.0021,198724.31359375,True
2020-12-28,96,175161.5566,227622.7723,198223.13967604167,True
2020-12-29,96,177083.2882,225655.8565,197798.32047604167,True
2020-12-30,96,170709.7541,218528.5403,191798.97739895832,True
2020-12-31,96,172404.9688,231975.9178,188999.45473854165,True
2021-01-01,96,144879.8709,188674.3413,165423.607403125,True
2021-01-02,96,138872.2294,227172.8139,184906.47023541667,True
2021-01-03,96,171065.6096,233401.553,197215.18633645834,True
2021-01-04,96,174249.2358,229214.9112,197550.63833854164,True
2021-01-05,96,173376.5375,233426.76,194757.91454583334,True
2021-01-06,96,172620.3585,214906.597,190354.38523125,True
2021-01-07,96,170016.1785,235772.3304,197051.30274791666,True
2021-01-08,96,175231.9203,237050.3499,197453.77980833335,True
2021-01-09,96,169608.3891,223549.0417,195085.58090520834,True
2021-01-10,96,167621.1312,238675.7713,193261.14106458332,True
2021-01-11,96,168997.3325,237232.8014,191804.824415625,True
2021-01-12,96,163271.7122,217039.7622,182072.45592395833,True
2021-01-13,96,155110.741,210945.4574,173788.03755729165,True
2021-01-14,96,149947.0809,223673.1991,179904.69611770834,True
2021-01-15,96,153877.7341,211178.0452,178150.06133541666,True
2021-01-16,96,149649.7189,219299.5296,177120.25434999997,True
2021-01-17,96,149655.2424,224100.4971,176203.647225,True
2021-01-18,96,148425.7684,216567.1573,175852.9652739583,True
2021-01-19,96,145047.5457,196901.0573,168824.31005625,True
2021-01-20,96,141197.7462,221681.14,164231.62124166667,True
2021-01-21,96,138707.7167,201887.5215,166939.89364791667,True
2021-01-22,96,137831.029,204425.9432,163714.609015625,True
2021-01-23,96,132265.9022,197637.4668,157797.62363958333,True
2021-01-24,96,127619.8328,189493.0217,153976.66197604165,True
2021-01-25,96,123771.6625,185274.8467,150889.14349479167,True
2021-01-26,96,119794.7009,198862.3017,144060.6428625,True
2021-01-27,96,114482.6608,179794.7647,135850.72621249998,True
2021-01-28,96,110264.655,184972.4063,135500.45943125,True
2021-01-29,96,107106.2119,178938.4247,130990.99733541667,True
2021-01-30,96,103575.2332,175921.6149,125686.19910104167,True
2021-01-31,96,100334.774,172883.5067,123184.49205,True
2021-02-01,96,96371.9647,163268.8695,114146.83511875,True
2021-02-02,96,89294.5739,161568.5224,107317.03731458333,True
2021-02-03,96,87625.8209,166368.4748,107509.58044062501,True
2021-02-04,96,87188.8604,162858.8448,104793.71253541666,True
2021-02-05,96,87262.3473,160471.4152,103483.15083020832,True
2021-02-06,96,86798.6898,158909.6637,104298.79435104167,True
2021-02-07,96,87386.5123,145996.1086,105156.58537083333,True
2021-02-08,96,88652.0464,163450.4612,107543.87812604167,True
2021-02-09,96,88912.7621,158400.8688,106602.66899375,True
2021-02-10,96,87182.3559,158544.1589,106318.279971875,True
2021-02-11,96,88076.2289,153842.3482,109771.55530833332,True
2021-02-12,96,92657.8228,169249.054,117176.30801145833,True
2021-02-13,96,95705.1133,174551.2953,124223.53261041666,True
2021-02-14,96,101656.8954,192240.3712,137049.39919895833,True
2021-02-15,96,116503.7833,188532.2608,147665.74064375,True
2021-02-16,96,14967.4898,181453.2956,122942.02241145833,True
2021-02-17,96,124985.86,207459.6176,152663.04998333333,True
2021-02-18,96,129966.7699,207425.6102,160781.757803125,True
2021-02-19,96,132399.1983,212255.7871,163075.21644895832,True
2021-02-20,96,135713.8377,218099.4749,169042.931071875,True
2021-02-21,96,139767.7987,217831.4221,171777.86542083332,True
2021-02-22,96,141347.779,223110.3519,173221.87456145833,True
2021-02-23,96,142339.2805,207902.4986,172116.92834791666,True
2021-02-24,96,146332.8859,212263.2892,171143.61463333332,True
2021-02-25,96,145564.9906,243954.4061,180260.46833229167,True
2021-02-26,96,152449.4353,244053.7321,181336.15252291667,True
2021-02-27,96,155569.5995,219954.0679,183808.54402395835,True
2021-02-28,96,156857.5374,235712.986,183885.57933958332,True
2021-03-01,96,154725.7016,223633.4356,184541.231928125,True
2021-03-02,96,160853.4585,218199.2487,184827.26205312498,True
2021-03-03,96,160882.5892,237327.9079,180377.61113645835,True
2021-03-04,96,161177.8584,237505.7461,189036.94244374998,True
2021-03-05,96,169789.1254,237831.3269,193332.21645104166,True
2021-03-06,96,167057.2814,240147.1002,192664.7863010417,True
2021-03-07,96,168374.6013,238823.3382,193035.075903125,True
2021-03-08,96,172769.9814,232251.5569,195023.79168854165,True
2021-03-09,96,172331.9725,242184.7398,192790.8928,True
2021-03-10,96,168814.2593,220253.11,185481.73834895832,True
2021-03-11,96,165415.1057,237251.1869,191094.80641145832,True
2021-03-12,96,172020.0693,238754.715,195426.45970416666,True
2021-03-13,96,173990.432,235930.439,196324.11181666667,True
2021-03-14,96,175021.3907,227109.9776,196454.853525,True
2021-03-15,96,171735.3364,250784.9654,193148.89296770832,True
2021-03-16,96,172029.5147,232884.0187,190823.3815302083,True
2021-03-17,96,167977.7927,218047.6153,187182.38385208335,True
2021-03-18,96,166945.5187,235449.2714,195962.78391354167,True
2021-03-19,96,176711.3449,238795.0647,197769.76988854166,True
2021-03-20,96,176892.6089,228999.3157,198796.74254791668,True
2021-03-21,96,172318.4959,233919.7604,200192.20901979168,True
2021-03-22,96,174624.5104,246954.1098,201961.1124625,True
2021-03-23,96,20960.2976,230747.1939,166026.89817916666,True
2021-03-24,96,21907.3593,227333.69,178040.47142916665,True
2021-03-25,96,167457.2383,234633.7626,190295.847328125,True
2021-03-26,96,169293.9183,235059.3503,191158.881609375,True
2021-03-27,96,172968.3056,239449.5662,197135.83836770835,True
2021-03-28,96,170953.6686,229795.1515,197756.71523229164,True
2021-03-29,96,176504.2968,233082.6372,200167.02795104167,True
2021-03-30,96,175118.0999,224920.7216,196320.04967395833,True
2021-03-31,96,174469.5639,216054.4806,190981.82491145833,True
2021-04-01,96,172163.6417,236762.089,197237.90179791665,True
2021-04-02,96,175735.8599,240892.9391,199915.32814583334,True
2021-04-03,96,176185.8136,242392.9409,200414.94444687502,True
2021-04-04,96,169846.5202,224295.7213,193364.36142708335,True
2021-04-05,96,145659.4946,203214.8587,165011.314075,True
2021-04-06,96,138148.1703,216375.1133,174327.46413333333,True
2021-04-07,96,163148.6081,246176.564,191057.8416375,True
2021-04-08,96,174960.8996,251748.967,205765.875590625,True
2021-04-09,96,178699.3251,247087.9891,208753.15919166667,True
2021-04-10,96,184145.8277,255334.1018,213610.09809374998,True
2021-04-11,96,183610.511,245908.9843,210122.78892291666,True
2021-04-12,96,175230.1606,239987.6518,199600.59689270833,True
2021-04-13,96,178430.2146,239953.277,198353.79196041668,True
2021-04-14,96,177684.6658,234393.2908,195051.71390104166,True
2021-04-15,96,174284.7743,236479.0566,197310.77802395832,True
2021-04-16,96,177750.099,241856.5226,199705.96492083333,True
2021-04-17,96,173388.1744,232647.6373,200937.2348395833,True
2021-04-18,96,178366.018,234484.0117,201903.03363229168,True
2021-04-19,96,179286.4421,231008.4627,201245.49691770834,True
2021-04-20,96,177868.4275,234317.8856,200946.53502604167,True
2021-04-21,96,177088.7159,236016.151,197585.383303125,True
2021-04-22,96,174861.8473,258492.9765,209998.93036875,True
2021-04-23,96,185017.0612,265531.6487,216557.62816458335,True
2021-04-24,96,186005.3839,264483.2432,218692.04818333333,True
2021-04-25,96,185541.7804,269944.9884,219404.574746875,True
2021-04-26,96,186752.4113,260520.493,218620.90074166667,True
2021-04-27,96,181737.8476,238817.3154,205555.66521770833,True
2021-04-28,96,181524.8625,253590.0153,207653.93013750002,True
2021-04-29,96,182207.6344,273088.2867,212517.18289166666,True
2021-04-30,96,177359.9358,238065.7254,205736.00511562498,True
2021-05-01,96,140568.8922,206913.6718,165921.049553125,True
2021-05-02,96,132949.2887,216627.9483,166136.65871770834,True
2021-05-03,96,149854.9935,223189.5312,180607.54575208333,True
2021-05-04,96,168234.6326,217224.3858,189233.37904583334,True
2021-05-05,96,174044.4072,247172.2314,196439.52356145834,True
2021-05-06,96,177423.4152,244074.5076,200936.46189687497,True
2021-05-07,96,178924.0829,235570.9888,199742.827115625,True
2021-05-08,96,176756.6676,245802.7148,199833.629228125,True
2021-05-09,96,179439.6591,247705.8771,203089.86982499997,True
2021-05-10,96,179398.1248,264093.2161,205990.92045416668,True
2021-05-11,96,177877.1419,260864.259,204846.56832604168,True
2021-05-12,96,176193.7031,244543.2923,200004.891775,True
2021-05-13,96,181895.3807,265384.3795,216381.50635625,True
2021-05-14,96,186388.1927,279394.9885,217604.66172395833,True
2021-05-15,96,189413.8553,260222.4152,220495.844009375,True
2021-05-16,96,188139.3009,267034.8254,222251.23273437502,True
2021-05-17,96,190058.2003,269511.5174,223816.8820385417,True
2021-05-18,96,189447.4578,257319.0494,218633.71010625002,True
2021-05-19,96,188395.5444,257887.8541,215766.09259166665,True
2021-05-20,96,187338.092,265268.9761,221242.195834375,True
2021-05-21,96,188757.3037,260941.3391,219688.590084375,True
2021-05-22,96,186222.0473,258024.8496,217317.92646145832,True
2021-05-23,96,187596.3818,262874.4047,216320.63575937503,True
2021-05-24,96,185413.4975,259200.6693,215973.831309375,True
2021-05-25,96,184082.1689,272310.9755,211608.30962187497,True
2021-05-26,96,181698.2178,247575.7249,204945.84042395835,True
2021-05-27,96,179842.6771,259160.8645,214580.12079583333,True
2021-05-28,96,185552.5581,267254.5948,215912.75590416664,True
2021-05-29,96,185666.4611,257981.1995,212207.75549895832,True
2021-05-30,96,182257.8352,256111.0611,211557.86739062498,True
2021-05-31,96,181998.3471,251267.5302,211213.35517291666,True
2021-06-01,96,181506.6963,244177.8973,207923.33509166667,True
2021-06-02,96,178646.5657,242945.7438,201949.183846875,True
2021-06-03,96,181462.5978,243221.65,212125.55630000003,True
2021-06-04,96,186675.4955,275636.3116,217246.23128437498,True
2021-06-05,96,184786.0399,276693.7747,216595.26804375,True
2021-06-06,96,187724.3935,275365.319,216849.3700864583,True
2021-06-07,96,161427.2886,221743.824,184707.28970624998,True
2021-06-08,96,24168.7916,248322.7241,173887.48565833332,True
2021-06-09,96,27794.486,232768.6308,166577.59901458333,True
2021-06-10,96,14544.3662,253324.9411,164714.53635625,True
2021-06-11,96,14805.9095,274152.8875,208038.93977291664,True
2021-06-12,96,184811.4713,242426.5674,211969.955340625,True
2021-06-13,96,185160.1408,246777.0207,213265.32783333331,True
2021-06-14,40,22685.433103076924,195555.5414,162610.57150996153,False
2021-06-15,96,6394.1184,23883.3658,17450.093127099357,True
2021-06-16,96,6308.0306,182475.6018,152892.79383125002,True
2021-06-17,96,106685.1559,244356.9065,197913.9414229167,True
2021-06-18,96,167119.7244,255775.3042,217484.1453739583,True
2021-06-19,96,181745.128,259798.6473,215822.06238125,True
2021-06-20,96,188749.3778,270012.0151,222937.72828125,True
2021-06-21,96,188026.9756,271250.199,224951.83738125,True
2021-06-22,96,188894.7358,261386.7295,220079.575165625,True
2021-06-23,96,189142.8252,245858.0528,211312.36241041668,True
2021-06-24,96,184763.5936,249584.8939,212702.25870520834,True
2021-06-25,96,183170.414,244594.9278,211366.61918229167,True
2021-06-26,96,180101.7997,242001.2664,208373.895571875,True
2021-06-27,96,176487.2826,253687.289,212953.37555312502,True
2021-06-28,96,182144.9511,277395.2804,218511.35326666667,True
2021-06-29,96,181676.298,269802.4017,214921.97369270833,True
2021-06-30,96,183147.7768,248021.4011,209462.67361874998,True
2021-07-01,96,180371.0188,280719.9865,222209.03007916667,True
2021-07-02,96,184778.1792,277000.8188,224770.3786833333,True
2021-07-03,96,186628.3555,295079.4532,222321.32226979165,True
2021-07-04,96,187062.0417,300356.7927,225336.265509375,True
2021-07-05,96,188415.2012,298731.0003,227039.37372083333,True
2021-07-06,96,21572.9479,274933.9807,181621.3796375,True
2021-07-07,96,192286.1245,281723.1953,218092.67884791666,True
2021-07-08,96,191845.0927,285384.0127,231662.568584375,True
2021-07-09,96,192788.9197,278746.6227,230965.17129479165,True
2021-07-10,96,193455.7647,289884.8988,225091.61521875,True
2021-07-11,96,128701.0374,279444.2569,221077.81924895835,True
2021-07-12,96,184550.7471,273591.4651,224660.8361614583,True
2021-07-13,96,189211.0285,263236.665,220772.30003749998,True
2021-07-14,96,186679.778,279543.9764,215167.23853125,True
2021-07-15,96,184864.9126,283671.1782,226410.96579479167,True
2021-07-16,96,189094.4702,299738.2925,226996.0280489583,True
2021-07-17,96,193015.8333,306991.8744,230770.12219999998,True
2021-07-18,96,191333.5039,288794.2975,231913.82230416665,True
2021-07-19,96,114698.4751,292344.1216,226968.45871041666,True
2021-07-20,96,29334.7317,276643.4115,219893.4002083333,True
2021-07-21,96,12408.7041,260717.5432,206705.061834375,True
2021-07-22,96,53465.1683,279549.3089,221394.78502604167,True
2021-07-23,96,188811.1406,277630.1956,225222.0187645833,True
2021-07-24,96,188303.0675,275877.3936,224077.35362708333,True
2021-07-25,96,187368.7647,299595.8039,227257.18445208334,True
2021-07-26,96,189530.056,275392.9048,227829.897703125,True
2021-07-27,96,187443.7267,277501.2251,222346.77890208332,True
2021-07-28,96,178422.6427,248842.2904,213170.39305104167,True
2021-07-29,96,39164.4258,283385.6617,222578.24619374998,True
2021-07-30,96,189086.3744,296007.8859,224816.17480520834,True
2021-07-31,96,189926.0966,281443.4167,223171.35827812503,True
2021-08-01,96,185937.4664,281193.1955,215425.99389270833,True
2021-08-02,96,185706.4974,281495.2938,216651.13297708333,True
2021-08-03,96,183203.9299,267913.1266,215266.20273541668,True
2021-08-04,96,185928.6446,255114.7797,209192.722071875,True
2021-08-05,96,185843.0141,272920.6238,225307.44830312498,True
2021-08-06,96,190488.685,303133.0668,228372.5374708333,True
2021-08-07,96,192521.5419,302552.4539,230428.33674479168,True
2021-08-08,96,193733.5793,285916.6942,229314.3421239583,True
2021-08-09,96,194751.8567,281650.2974,231816.9553625,True
2021-08-10,96,195094.9587,274133.6232,228085.45487500002,True
2021-08-11,96,192366.3915,267838.3905,219105.210984375,True
2021-08-12,96,187035.6787,289872.6779,229778.26322291666,True
2021-08-13,96,191027.9529,304405.386,230721.92194583334,True
2021-08-14,96,190823.7315,291944.9083,230322.74036666667,True
2021-08-15,96,189818.0745,287913.9792,227368.037734375,True
2021-08-16,96,186711.2782,276972.8016,227076.46319166667,True
2021-08-17,96,185093.6888,273156.568,219249.698915625,True
2021-08-18,96,184624.164,259625.2649,210510.13822708334,True
2021-08-19,96,182402.207,273049.6516,222389.65865208334,True
2021-08-20,96,186721.7491,299187.479,227180.30094999998,True
2021-08-21,96,188510.0244,301932.9103,227240.01410104168,True
2021-08-22,96,188126.1203,286900.1351,226627.04805625,True
2021-08-23,96,189789.5647,280074.7905,224124.13300625,True
2021-08-24,96,187886.6212,291851.7256,221526.763925,True
2021-08-25,96,188517.9311,257405.2012,212037.1890916667,True
2021-08-26,96,182112.6398,273727.7425,217351.81724583334,True
2021-08-27,96,184689.6922,273788.4613,225498.884415625,True
2021-08-28,96,189301.0264,277895.626,230104.39313125002,True
2021-08-29,96,191991.3826,283085.6198,229844.27578020832,True
2021-08-30,96,189964.6821,278211.6335,226687.50256874997,True
2021-08-31,96,189206.7666,283806.2186,217695.806546875,True
2021-09-01,96,180580.6219,255937.8864,207095.74586666666,True
2021-09-02,96,178550.8723,277304.1537,217923.93641458332,True
2021-09-03,96,185966.197,297573.0452,221837.34480520835,True
2021-09-04,96,187881.1991,267032.9942,223490.117509375,True
2021-09-05,96,189551.2219,271065.1978,224743.11666979166,True
2021-09-06,96,189502.3076,300331.1585,228429.31454583336,True
2021-09-07,96,191420.0924,279942.3555,226164.58946875003,True
2021-09-08,96,191679.4069,258103.5953,220069.18339479167,True
2021-09-09,96,190098.9061,309370.9799,232834.20191458333,True
2021-09-10,96,193486.4175,278924.4914,232993.34660312498,True
2021-09-11,96,194407.1919,292513.2692,232727.52429895833,True
2021-09-12,96,192885.5919,290473.6552,228673.9136166667,True
2021-09-13,96,157964.5638,243088.1468,186630.74527395834,True
2021-09-14,96,146192.74,258157.6313,195147.30526249998,True
2021-09-15,96,170312.5247,269228.8331,211736.59525,True
2021-09-16,96,185514.1689,275426.499,226621.747725,True
2021-09-17,96,190817.518,272293.6565,225159.3874166667,True
2021-09-18,96,189520.6577,280491.0116,228480.03372708333,True
2021-09-19,96,189126.8403,284883.3904,226761.29826354166,True
2021-09-20,96,188460.5766,282835.1853,223537.15705208332,True
2021-09-21,96,187278.6783,271116.9146,217639.23981041668,True
2021-09-22,96,185567.1539,277255.7448,209796.5028625,True
2021-09-23,96,183037.5506,278458.0122,219550.24818645834,True
2021-09-24,96,187048.3207,273918.7077,221318.54423854165,True
2021-09-25,96,186279.3885,294237.3866,222283.59615208334,True
2021-09-26,96,186895.2958,265738.1122,221392.061384375,True
2021-09-27,96,187102.3225,292103.0858,222417.01791249998,True
2021-09-28,96,185903.8307,272596.6027,216986.0104020833,True
2021-09-29,96,187970.4652,263497.8786,222130.2930125,True
2021-09-30,96,180964.7347,261256.8348,214176.30327395836,True
2021-10-01,96,151577.8166,214467.2244,178295.4725010417,True
2021-10-02,96,140540.3509,237499.4411,177346.32226249998,True
2021-10-03,96,154681.977,249484.6873,192488.38268541664,True
2021-10-04,96,168186.2382,260826.1344,203867.90850729166,True
2021-10-05,96,181502.0729,249096.2274,211336.73535729168,True
2021-10-06,96,183264.1297,252613.776,212891.11172916667,True
2021-10-07,96,184773.4776,285950.2348,214673.75888541667,True
2021-10-08,96,187213.5198,280650.9617,222761.83401562498,True
2021-10-09,96,187006.3688,278272.4917,222955.27115104164,True
2021-10-10,96,188250.0386,277977.5293,223134.18202604167,True
2021-10-11,96,180246.2642,300026.7991,224302.40592916668,True
2021-10-12,96,188496.0947,283411.5775,225615.2814125,True
2021-10-13,96,179078.6875,251931.3991,213967.499096875,True
2021-10-14,96,186870.8151,264197.8172,219908.63763749998,True
2021-10-15,96,189037.763,258957.6355,218315.59283333333,True
2021-10-16,96,186122.8801,256592.8598,217931.751546875,True
2021-10-17,96,184255.5598,274061.5853,217600.10794062502,True
2021-10-18,96,186919.2368,284672.56,216483.98305625,True
2021-10-19,96,179063.7828,246433.4233,212246.901925,True
2021-10-20,96,182542.93,245985.8111,204346.423628125,True
2021-10-21,96,177685.4768,279116.2978,216001.5328125,True
2021-10-22,96,185056.9873,285540.7684,218773.24342604168,True
2021-10-23,96,183908.3369,274832.193,217589.22073125,True
2021-10-24,96,184459.7251,272041.1134,215412.875490625,True
2021-10-25,96,183637.3364,253212.1644,214247.60110729167,True
2021-10-26,96,165627.0738,260785.3083,208847.35139375002,True
2021-10-27,96,176103.6013,245126.2513,199661.67482604168,True
2021-10-28,96,171187.7403,278581.4689,205891.29241145833,True
2021-10-29,96,178623.6553,259587.8228,204685.8514375,True
2021-10-30,96,179424.1647,250303.9208,204526.65261562497,True
2021-10-31,96,178043.6213,250801.0251,202632.44125520834,True
2021-11-01,96,175520.7543,249899.2789,206415.27122291666,True
2021-11-02,96,178730.9798,263331.1742,207904.99002499998,True
2021-11-03,96,179327.5855,262297.3257,199633.4164270833,True
2021-11-04,96,177123.9007,241222.0118,205553.78859374998,True
2021-11-05,96,180332.3572,239490.3791,206202.60886458334,True
2021-11-06,96,180175.2863,238959.965,205137.60710416667,True
2021-11-07,96,178462.7116,237749.85,205224.81651458333,True
2021-11-08,96,179748.6503,237156.4228,204687.17962291665,True
2021-11-09,96,95670.1712,231231.9446,197378.23742395834,True
2021-11-10,96,178769.0729,224945.1091,197459.92480520834,True
2021-11-11,96,176610.1573,236751.4103,202971.27195,True
2021-11-12,96,177098.0793,241285.5808,205963.13059166668,True
2021-11-13,96,182581.9972,243199.6094,208480.34230729166,True
2021-11-14,96,182585.6018,237979.5324,205393.69421666666,True
2021-11-15,96,181695.2429,238679.0654,205343.65693437497,True
2021-11-16,96,179337.643,232602.2116,201317.24442395833,True
2021-11-17,96,174528.8449,222339.313,193503.35021354165,True
2021-11-18,96,175109.5322,239452.9279,203161.007384375,True
2021-11-19,96,180502.996,233660.7969,202438.71207395833,True
2021-11-20,96,179884.8136,233587.0946,202608.89471666666,True
2021-11-21,96,180554.7691,233638.9529,203143.99136145832,True
2021-11-22,96,180488.3211,235072.4417,203674.36041770832,True
2021-11-23,96,179759.3549,231048.4716,202080.14215833333,True
2021-11-24,96,177095.5912,225095.4411,197441.47749270833,True
2021-11-25,96,176279.9001,237480.9969,203446.07726354167,True
2021-11-26,96,178360.8697,233463.8334,201422.82754375003,True
2021-11-27,96,176812.4959,236197.7654,203509.74522916667,True
2021-11-28,96,179492.8319,232442.1369,201467.33045,True
2021-11-29,96,178359.6725,231205.5517,200916.69302291668,True
2021-11-30,96,174934.12,224660.4546,196968.79680729168,True
2021-12-01,96,170172.8114,214331.1627,189076.26909479164,True
2021-12-02,96,106394.761,228045.9553,195164.152803125,True
2021-12-03,96,177965.323,229891.9537,200301.16293125003,True
2021-12-04,96,172053.5081,231311.433,200688.96737187498,True
2021-12-05,96,178652.6971,232349.0211,201647.21559895834,True
2021-12-06,96,141541.1325,229628.4804,199759.639815625,True
2021-12-07,96,176981.7229,225936.5436,198259.76686874998,True
2021-12-08,96,177040.8974,217697.2033,192649.640703125,True
2021-12-09,96,174492.5449,233147.4102,199607.79430104166,True
2021-12-10,96,169623.5734,229655.5202,200045.6066135417,True
2021-12-11,96,178690.1399,229995.8241,200061.9457427083,True
2021-12-12,96,162843.0194,231137.8087,200148.13517083332,True
2021-12-13,96,178226.3158,231496.4811,201122.66694062497,True
2021-12-14,96,175773.2696,226210.4675,198042.04956458334,True
2021-12-15,96,173440.4307,214685.7306,190527.34703020833,True
2021-12-16,96,170619.7009,230819.5641,197886.50131979166,True
2021-12-17,96,176759.7056,235242.7836,203408.84162708334,True
2021-12-18,96,178780.3249,239197.4133,205532.76495729166,True
2021-12-19,96,178465.3283,234356.3417,201784.33874791666,True
2021-12-20,96,177494.6391,231553.1555,201108.80391979168,True
2021-12-21,96,176585.9332,226063.6785,198121.70725937502,True
2021-12-22,96,172634.3754,218088.188,192826.88012395834,True
2021-12-23,96,172332.4003,230638.5975,199497.50330208335,True
2021-12-24,96,177510.6081,232945.0433,201727.408875,True
2021-12-25,96,176857.0062,232385.5684,201408.8596260417,True
2021-12-26,96,176699.6561,232210.9356,199838.06978958333,True
2021-12-27,96,175725.4877,230640.7355,199349.72477708335,True
2021-12-28,96,175040.393,224488.8268,196795.38446458333,True
2021-12-29,96,172558.8862,217863.6872,192316.4910354167,True
2021-12-30,96,169977.044,226062.6194,194427.89381145834,True
2021-12-31,96,167266.9832,220699.741,189470.10647708332,True
2022-01-01,96,152714.7226,186710.5015,168535.34508854165,True
2022-01-02,96,145938.4952,226577.925,186652.02381458334,True
2022-01-03,96,169418.0232,228546.9143,195316.29721875,True
2022-01-04,96,168123.8435,224754.6597,193204.27578541668,True
2022-01-05,96,167247.7736,219153.2883,189926.98433645835,True
2022-01-06,96,163996.416,228658.4205,193590.98245312498,True
2022-01-07,96,165241.4162,227857.8454,193418.19697083335,True
2022-01-08,96,164352.7876,225055.1678,190809.03705520835,True
2022-01-09,96,156386.3624,224447.7094,189052.18441979168,True
2022-01-10,96,159498.7155,222878.8863,187594.80319583334,True
2022-01-11,96,156068.4,213847.3807,181028.81703333333,True
2022-01-12,96,149866.365,202173.6823,173074.59277916668,True
2022-01-13,96,137051.2702,208829.778,172832.30335,True
2022-01-14,96,141513.9572,200661.6337,168042.866825,True
2022-01-15,96,137289.4809,193271.042,162456.01773541668,True
2022-01-16,96,130219.4563,187361.9988,155911.43886041667,True
2022-01-17,96,124113.543,179869.6692,149508.97067395833,True
2022-01-18,96,115422.725,167295.7811,140665.24014583332,True
2022-01-19,96,111887.6938,163151.2481,135750.70510416667,True
2022-01-20,96,109013.1209,152769.2001,130480.82598437501,True
2022-01-21,96,100732.1608,146109.7837,125979.48315,True
2022-01-22,96,103308.4397,135736.2162,119087.99208229168,True
2022-01-23,96,96347.4838,133852.9283,115065.98134791666,True
2022-01-24,96,95020.7545,125301.7075,110257.12644583335,True
2022-01-25,96,94214.5625,122493.5165,107481.18761666666,True
2022-01-26,96,82534.7293,120613.2124,105674.90769166667,True
2022-01-27,96,88875.4993,117852.1971,105481.76266875,True
2022-01-28,96,93474.9121,117880.9752,104889.612825,True
2022-01-29,96,93761.0831,115131.6854,103080.71775833333,True
2022-01-30,96,90741.592,116242.4956,103083.91870312499,True
2022-01-31,96,94016.2746,117684.5322,104450.8987375,True
2022-02-01,96,90450.5695,116895.8552,104033.48498854168,True
2022-02-02,96,92974.0362,116823.3108,103496.93941770833,True
2022-02-03,96,92607.4482,120958.6412,107169.03330416667,True
2022-02-04,96,99733.7412,122151.101,109941.30800416665,True
2022-02-05,96,99353.7787,121963.0829,109872.88261458334,True
2022-02-06,96,99405.6402,121954.5717,109654.77284270833,True
2022-02-07,96,99718.4341,121692.6566,109650.541153125,True
2022-02-08,96,98202.0121,120351.8711,108417.45423020834,True
2022-02-09,96,99261.4104,120932.5666,109092.59232604166,True
2022-02-10,96,94668.0488,133443.7027,115198.66612604167,True
2022-02-11,96,103539.7533,133753.3441,117333.73841041666,True
2022-02-12,96,66135.7041,136577.4429,118459.44122916668,True
2022-02-13,96,106098.7912,140354.506,120196.19231458334,True
2022-02-14,96,104740.4325,142360.0218,121008.515384375,True
2022-02-15,96,106495.3613,141283.8109,121315.82484270835,True
2022-02-16,96,105895.2897,135959.8746,119561.80219062499,True
2022-02-17,96,106676.5918,149498.3959,125607.96283333334,True
2022-02-18,96,108664.3437,154987.9058,127940.54239999999,True
2022-02-19,96,109399.5455,157457.0563,129637.95253229166,True
2022-02-20,96,107611.1798,156564.737,126847.24444895833,True
2022-02-21,96,103827.3696,158898.8226,127474.38433645833,True
2022-02-22,96,107133.5684,158567.783,128840.21452916665,True
2022-02-23,96,109846.5243,157525.5182,130091.91123333333,True
2022-02-24,96,114583.1667,174219.0767,140919.24699375,True
2022-02-25,96,113879.3869,179694.9678,145610.898809375,True
2022-02-26,96,122963.8677,183243.7558,149346.89515833333,True
2022-02-27,96,126866.6823,187007.3985,152557.09303541665,True
2022-02-28,96,129473.3072,188934.4104,154098.21044895833,True
2022-03-01,96,130207.7811,183684.2804,153849.187109375,True
2022-03-02,96,135105.9956,199212.3436,163431.93956458333,True
2022-03-03,96,139242.6988,203077.9186,167149.739665625,True
2022-03-04,96,141070.6388,204808.4827,169168.26685833334,True
2022-03-05,96,144089.8047,205582.1061,170823.08315833335,True
2022-03-06,96,144816.2204,206566.1593,172011.45365208332,True
2022-03-07,96,147608.459,202235.5632,171464.17920625,True
2022-03-08,96,152309.6858,198965.8769,170244.466440625,True
2022-03-09,96,152109.0966,211462.2587,178304.69635104167,True
2022-03-10,96,156656.348,210787.2708,178865.28510625,True
2022-03-11,96,157682.5316,210818.9798,179727.65765520834,True
2022-03-12,96,156728.3818,212935.9473,180836.54862291669,True
2022-03-13,96,160578.5966,216219.9177,184503.92039895835,True
2022-03-14,96,159389.0437,210398.9051,180470.627475,True
2022-03-15,96,160035.815,199176.0094,174410.12076875,True
2022-03-16,96,156402.0891,214051.5377,181761.99773645832,True
2022-03-17,96,164561.9821,218995.4539,186928.75951979167,True
2022-03-18,96,166884.5869,217222.2499,187693.59580833334,True
2022-03-19,96,167198.5478,218764.6156,187990.86183958335,True
2022-03-20,96,165786.6662,219301.3436,187806.921340625,True
2022-03-21,96,167034.6368,215129.7922,186992.52991145835,True
2022-03-22,96,158857.8904,210148.3479,184605.38419166664,True
2022-03-23,96,168411.5561,226618.2772,192448.50019270834,True
2022-03-24,96,172603.8794,225640.7489,194510.03875104166,True
2022-03-25,96,174557.6634,227029.7221,195693.816325,True
2022-03-26,96,174949.8225,225678.0687,195819.52288125,True
2022-03-27,96,172483.6606,229461.074,196219.37662291666,True
2022-03-28,96,172800.7242,217455.8512,190618.2247979167,True
2022-03-29,96,171753.6087,211410.0279,187279.184228125,True
2022-03-30,96,170403.8894,220588.6655,191073.70359895832,True
2022-03-31,96,168172.898,221351.5861,191281.102121875,True
2022-04-01,96,169347.4085,219790.1622,191105.11615833335,True
2022-04-02,96,171881.1423,219922.0643,191478.905746875,True
2022-04-03,96,165251.196,213644.6685,185273.62197291665,True
2022-04-04,96,147912.0923,179822.8472,163386.38820520832,True
2022-04-05,96,140984.9761,195843.6085,168434.22306875,True
2022-04-06,96,157931.6361,212661.1811,183483.14391770834,True
2022-04-07,96,169652.3698,219099.1377,190693.25641458333,True
2022-04-08,96,173859.9321,219307.1996,192272.1522229167,True
2022-04-09,96,173623.3756,221256.1754,193224.67557916665,True
2022-04-10,96,173268.7679,221751.6845,193089.74775520831,True
2022-04-11,96,173052.3004,219161.8721,191036.72876875,True
2022-04-12,96,169004.8076,205927.6451,183448.84906250003,True
2022-04-13,96,169132.2806,216379.2615,188589.87733645833,True
2022-04-14,96,172385.5882,220683.7283,190787.9907260417,True
2022-04-15,96,172368.0641,218637.1264,190276.68291145834,True
2022-04-16,96,171058.7575,220533.0261,191429.2727375,True
2022-04-17,96,170134.4205,222598.921,192174.27377916666,True
2022-04-18,96,170629.4044,217453.591,189766.05070416667,True
2022-04-19,96,169028.4909,212899.7464,185967.91828333333,True
2022-04-20,96,168489.677,234212.9114,197298.8857125,True
2022-04-21,96,175821.4727,240529.4849,202907.91332916668,True
2022-04-22,96,174098.0642,224067.8655,193673.21859166666,True
2022-04-23,96,170613.7892,221456.5895,191375.803965625,True
2022-04-24,96,169652.6028,219363.1136,189997.82071770832,True
2022-04-25,96,169165.1443,213296.4319,186858.85785729167,True
2022-04-26,96,168641.0659,212945.8688,186339.5303625,True
2022-04-27,96,167647.1917,225364.9906,193065.02108645835,True
2022-04-28,96,174642.1691,231139.5146,197448.8357875,True
2022-04-29,96,172628.9118,229704.7657,196997.0245875,True
2022-04-30,96,170148.2844,227360.89,192851.49922083333,True
2022-05-01,96,145786.2186,186706.6413,167339.25873854166,True
2022-05-02,96,135998.4767,203371.0194,168929.71326354166,True
2022-05-03,96,148969.4267,215756.9538,180561.97257916667,True
2022-05-04,96,161647.0148,236955.1598,196485.28128229166,True
2022-05-05,96,174809.6207,244282.8308,204807.42918437498,True
2022-05-06,96,178933.8606,261604.5763,215528.43263437497,True
2022-05-07,96,187386.3875,264723.7923,220198.16478541668,True
2022-05-08,96,188570.9734,268339.1965,222573.3395625,True
2022-05-09,96,188328.0189,267807.6531,221346.84715520835,True
2022-05-10,96,188072.1539,245702.5655,208629.68169895836,True
2022-05-11,96,181148.3337,264033.0126,216817.78419791666,True
2022-05-12,96,182935.9425,257740.9466,215297.76312395834,True
2022-05-13,96,184959.6897,262774.6737,218185.75769791668,True
2022-05-14,96,184864.3645,262234.4142,217965.78413749998,True
2022-05-15,96,185685.0193,264469.1725,219802.61169270833,True
2022-05-16,96,182535.6421,250365.3522,210396.40345520832,True
2022-05-17,96,173719.8302,234578.3838,200388.29914062502,True
2022-05-18,96,174949.0193,258178.845,212326.73648958336,True
2022-05-19,96,181467.8943,261626.276,217560.8671875,True
2022-05-20,96,185120.854,266453.7253,220199.8089208333,True
2022-05-21,96,184720.9367,268825.3403,221334.21148437497,True
2022-05-22,96,184179.3315,263825.0627,217818.15738645833,True
2022-05-23,96,181434.3208,247261.8511,210840.74479270834,True
2022-05-24,96,181677.5595,236934.3833,205308.67653333335,True
2022-05-25,96,180505.7748,263928.8327,217639.60022708334,True
2022-05-26,96,183274.4863,268193.1167,220429.18115520835,True
2022-05-27,96,180267.6361,258399.7289,215148.50032604169,True
2022-05-28,96,184271.7132,258465.6552,216217.120215625,True
2022-05-29,96,184123.3453,265589.133,219253.06680729167,True
2022-05-30,96,182718.6767,248501.9858,211423.88162187499,True
2022-05-31,96,180182.2357,238017.5703,202898.58185624998,True
2022-06-01,96,176093.2064,265452.3274,213571.79132604168,True
2022-06-02,96,179018.5804,259558.8689,212430.35796354167,True
2022-06-03,96,180188.9825,262939.7895,215616.6943666667,True
2022-06-04,96,183768.0563,269998.3766,221301.20493229167,True
2022-06-05,96,187143.2189,272392.3744,221716.83436666665,True
2022-06-06,96,184879.5371,252122.1456,211961.25685833333,True
2022-06-07,96,180758.2228,234502.2087,204451.59859583332,True
2022-06-08,96,182047.4454,262500.656,217103.6767197917,True
2022-06-09,96,184335.6943,265019.4936,218313.1157947917,True
2022-06-10,96,182934.6238,264516.5225,218491.13901145835,True
2022-06-11,96,185475.3015,269195.9514,221935.3966125,True
2022-06-12,96,186727.0829,270836.7008,223874.015321875,True
2022-06-13,96,187564.979,259351.9978,218188.39703958333,True
2022-06-14,96,182006.3762,238621.8203,205353.06583645835,True
2022-06-15,96,174875.9907,268854.317,217569.14619479165,True
2022-06-16,96,183226.5232,269116.8829,219156.55751979168,True
2022-06-17,96,181724.7428,269540.8402,220365.74764791667,True
2022-06-18,96,186272.3587,272122.2214,223670.94674375,True
2022-06-19,96,188315.6773,271442.889,224955.383471875,True
2022-06-20,96,186879.1605,259912.4941,218731.526215625,True
2022-06-21,96,184915.6099,249366.7669,212906.56778645833,True
2022-06-22,96,185075.4973,278392.7457,226803.70269166667,True
2022-06-23,96,186934.4461,278194.7777,228660.81935,True
2022-06-24,96,189427.7404,278263.5323,226552.67356354164,True
2022-06-25,96,163916.5513,221704.5348,193051.611128125,True
2022-06-26,96,157005.1495,247414.303,201647.02186770833,True
2022-06-27,96,177793.4429,254672.2025,212953.96544166666,True
2022-06-28,96,183615.708,272459.5273,223433.97062291668,True
2022-06-29,96,188074.5849,274207.2761,226664.49187604166,True
2022-06-30,96,188162.534,276624.7687,227038.39902916667,True
2022-07-01,96,188376.8113,273928.2459,225908.4929614583,True
2022-07-02,96,187409.2999,278968.6794,227300.953478125,True
2022-07-03,96,12092.6731,273194.8865,213312.005303125,True
2022-07-04,96,187703.5301,260221.9505,218390.866815625,True
2022-07-05,96,185890.0724,248608.1813,213980.41245625002,True
2022-07-06,96,187565.4392,278611.3353,228181.52213333335,True
2022-07-07,96,192082.8504,280185.3914,230645.42678437498,True
2022-07-08,96,192519.392,280456.5578,231217.08457395833,True
2022-07-09,96,192779.5012,282065.4657,232021.96346666667,True
2022-07-10,96,194285.8028,282146.8626,232354.21190208333,True
2022-07-11,96,191264.1309,269497.5368,224408.699721875,True
2022-07-12,96,187599.4169,254936.1622,217103.0989802083,True
2022-07-13,96,190774.352,283502.8823,232477.846884375,True
2022-07-14,96,195763.7592,285426.857,235188.57246979166,True
2022-07-15,96,197076.3571,284451.525,235030.7927,True
2022-07-16,96,191935.2389,283500.5422,232816.52371770833,True
2022-07-17,96,191835.6118,282914.6269,233400.484690625,True
2022-07-18,96,194454.1884,271810.6729,227623.144721875,True
2022-07-19,96,191260.7605,254613.0269,219672.12103020833,True
2022-07-20,96,191024.7033,281874.1932,231898.67669375,True
2022-07-21,96,194161.994,282534.9592,232739.33445624998,True
2022-07-22,96,193428.1918,281338.6125,232296.94655208333,True
2022-07-23,96,193138.9812,282416.8673,232900.65576562498,True
2022-07-24,96,20313.5652,283157.2516,223374.24776979166,True
2022-07-25,96,192639.4813,271266.5525,227550.352278125,True
2022-07-26,96,190808.2454,254224.4318,219207.29611875,True
2022-07-27,96,187888.0579,284770.553,231906.09569479167,True
2022-07-28,96,194219.7018,283874.5247,234550.50898125,True
2022-07-29,96,195838.8675,283853.4996,234798.74207291668,True
2022-07-30,96,194540.8629,285616.4519,234211.47402083335,True
2022-07-31,96,191848.5315,275376.1409,227841.56264375,True
2022-08-01,96,183615.6545,260173.0663,217472.0357239583,True
2022-08-02,96,183471.3358,244379.2443,210492.64167916667,True
2022-08-03,96,184241.4674,269334.2715,221963.00560625,True
2022-08-04,96,189663.0399,270041.4218,225341.87958229167,True
2022-08-05,96,190228.8354,267072.729,222385.04468645834,True
2022-08-06,96,186186.1276,272939.0993,225828.63833020834,True
2022-08-07,96,192690.7295,276048.2371,229373.764634375,True
2022-08-08,96,190746.1171,266373.3509,225062.01659583335,True
2022-08-09,96,190993.7981,254796.8545,219207.94168437502,True
2022-08-10,96,191597.9946,280497.0311,231512.30540520835,True
2022-08-11,96,193791.174,282048.517,232239.36289999998,True
2022-08-12,96,192276.1184,276057.3588,227230.98977916667,True
2022-08-13,96,189795.8208,271812.2903,225738.29965416668,True
2022-08-14,96,190810.7319,275745.4044,227017.21615520833,True
2022-08-15,96,191398.1161,258104.5563,219903.53689791667,True
2022-08-16,96,185841.9835,246111.9555,213093.43768229164,True
2022-08-17,96,184261.6767,275121.8622,225800.8697427083,True
2022-08-18,96,190810.9427,277583.6676,228215.03243854168,True
2022-08-19,96,191050.1483,263860.0167,222778.14973333335,True
2022-08-20,96,190177.3681,273481.3065,227666.20486770835,True
2022-08-21,96,190736.0917,275919.5869,229790.977090625,True
2022-08-22,96,192927.6463,266231.6338,225280.9683197917,True
2022-08-23,96,190043.9971,253937.5853,219320.867559375,True
2022-08-24,96,190245.2938,283655.4711,233400.84776666667,True
2022-08-25,96,196787.2663,287386.0752,236429.254259375,True
2022-08-26,96,196934.6994,284160.188,234029.62787708335,True
2022-08-27,96,192555.703,281054.8171,232401.824375,True
2022-08-28,96,141949.9317,283710.2902,233312.07212604166,True
2022-08-29,96,182262.4568,269452.8383,221000.05433229168,True
2022-08-30,96,193341.8534,256631.7042,221464.2749260417,True
2022-08-31,96,186074.502,278106.4172,227885.69796875,True
2022-09-01,96,189786.7138,282802.8604,230644.0415760417,True
2022-09-02,96,191308.3677,287010.4516,231779.53441249998,True
2022-09-03,96,197230.4089,286197.9387,236712.8118375,True
2022-09-04,96,197991.6728,289028.5063,237019.48153854164,True
2022-09-05,96,195152.1001,264714.5936,226122.5203322917,True
2022-09-06,96,192298.7704,256750.9357,220709.180134375,True
2022-09-07,96,194931.374,284867.335,233595.71545312498,True
2022-09-08,96,53067.9087,275686.3198,227886.95955937498,True
2022-09-09,96,191693.7223,277861.8696,230147.8464427083,True
2022-09-10,96,191570.2076,281310.6953,231656.45011562502,True
2022-09-11,96,195649.8383,283439.672,234345.82408854167,True
2022-09-12,96,193113.173,272548.5661,227182.838234375,True
2022-09-13,96,191385.6255,254768.8736,218802.94152395835,True
2022-09-14,96,189516.8801,277820.2716,228763.6386125,True
2022-09-15,96,190987.3797,273081.1369,226439.2998010417,True
2022-09-16,96,188534.4451,275843.6807,227276.29898541665,True
2022-09-17,96,191819.3178,279487.397,231582.34498333334,True
2022-09-18,96,194470.0625,275579.6071,229060.4728375,True
2022-09-19,96,190376.7561,259657.0119,221503.82365520834,True
2022-09-20,96,189619.0207,253690.1431,218392.73394270835,True
2022-09-21,96,190705.1834,278777.8796,230102.06449791664,True
2022-09-22,96,193539.4053,280219.9288,232618.01225,True
2022-09-23,96,194551.953,280303.0075,232462.1017791667,True
2022-09-24,96,192383.0947,269257.1234,226451.64023125,True
2022-09-25,96,190588.1187,266644.8381,225033.7922625,True
2022-09-26,96,191865.9872,259831.1066,221170.23824479166,True
2022-09-27,96,189667.2339,252791.1281,216349.41702916668,True
2022-09-28,96,186853.0408,258085.5233,219891.44234270832,True
2022-09-29,96,190919.2165,265863.5546,224692.56044479166,True
2022-09-30,96,177639.0341,265720.0419,216436.90411145834,True
2022-10-01,96,142099.7898,195753.5881,171485.13570208332,True
2022-10-02,96,136595.5565,204783.4303,169550.96883645834,True
2022-10-03,96,144927.3173,224688.6131,187232.9990885417,True
2022-10-04,96,170914.3031,237674.395,203405.32923333335,True
2022-10-05,96,182218.6167,245155.299,211279.9312791667,True
2022-10-06,96,183548.2416,242697.1253,210020.23983333333,True
2022-10-07,96,182533.232,239676.3881,208307.73997291666,True
2022-10-08,96,184522.708,236967.8182,207680.17261979167,True
2022-10-09,96,183503.0481,245586.3939,211689.129159375,True
2022-10-10,96,184662.9978,250804.3484,213628.18931249998,True
2022-10-11,96,187007.2736,241012.9712,209935.88452291666,True
2022-10-12,96,183929.8881,260090.4776,219033.97001770834,True
2022-10-13,96,190342.1766,258893.7034,219951.43708125,True
2022-10-14,96,189113.1888,262320.3282,221129.95042604164,True
2022-10-15,96,191039.9844,262505.2116,222078.06897916668,True
2022-10-16,96,187524.6411,258403.1974,219313.91253020833,True
2022-10-17,96,185835.5266,246364.2251,212952.0507635417,True
2022-10-18,96,186130.7095,238006.5561,207622.53169583334,True
2022-10-19,96,183185.623,247830.0907,212707.48069479165,True
2022-10-20,86,186794.6255,248577.2472,212997.416325,False
2022-10-21,96,187871.4712,245977.8537,213534.06244583335,True
2022-10-22,96,186996.6134,246112.0111,213190.58977187498,True
2022-10-23,96,186736.3836,242388.2719,211770.134628125,True
2022-10-24,96,185582.3171,238126.8097,208673.8910875,True
2022-10-25,96,185258.7299,233082.1749,206161.15214062502,True
2022-10-26,96,185525.3547,252483.7505,214572.71614062498,True
2022-10-27,96,187300.227,256304.6633,218250.93418541667,True
2022-10-28,96,189111.3889,256606.6211,218687.08940833333,True
2022-10-29,96,189700.981,251262.3464,214791.62533229167,True
2022-10-30,96,186972.4937,247299.379,213686.62428541668,True
2022-10-31,96,185800.5655,238728.1065,207886.409940625,True
2022-11-01,96,174221.2674,229288.5445,200230.425759375,True
2022-11-02,96,176448.1373,248896.4193,210876.55739895834,True
2022-11-03,96,184721.9552,247232.1429,212808.34493125,True
2022-11-04,96,184720.3114,244867.2642,211926.68690625,True
2022-11-05,96,186832.3625,248542.1416,214404.38248124998,True
2022-11-06,96,188428.1048,250156.8387,215721.8212875,True
2022-11-07,96,184225.2411,245412.5719,213018.98636770833,True
2022-11-08,96,184849.8253,235824.7834,206202.320078125,True
2022-11-09,96,185648.0346,244559.4973,211628.439940625,True
2022-11-10,96,186665.9269,243818.4558,212059.64733958335,True
2022-11-11,96,182678.353,243219.9958,211452.15602916665,True
2022-11-12,96,180166.6467,243118.3793,210962.560884375,True
2022-11-13,96,184757.8012,244388.4502,211573.25530416667,True
2022-11-14,96,185897.1043,238871.0845,208409.31729687503,True
2022-11-15,96,183017.646,227423.303,201610.51497916668,True
2022-11-16,96,176488.8391,245727.3535,209747.864503125,True
2022-11-17,96,181526.9369,249822.0539,213446.57588125,True
2022-11-18,96,187023.8933,253596.4497,217852.3051791667,True
2022-11-19,96,187758.8429,258387.9186,220767.46630833333,True
2022-11-20,96,63443.6239,261657.2915,216767.50007187502,True
2022-11-21,96,133058.7144,252622.8335,214408.190725,True
2022-11-22,96,187893.9504,242439.3411,211340.09517395834,True
2022-11-23,96,185642.4791,244836.0218,211261.75064999997,True
2022-11-24,96,179617.719,245671.1848,212453.41454687502,True
2022-11-25,96,185959.9328,247753.0271,213542.64364791664,True
2022-11-26,96,186603.1421,248084.4244,213553.076146875,True
2022-11-27,96,183452.8249,242663.8044,210179.4259875,True
2022-11-28,96,184909.3435,237249.1689,207645.48767395833,True
2022-11-29,96,182935.6718,226570.9501,201124.22731041667,True
2022-11-30,96,179136.7173,234281.6511,202851.80087395836,True
2022-12-01,96,176195.6682,234836.2037,202855.2791,True
2022-12-02,96,176686.2956,237670.2249,205649.82072812502,True
2022-12-03,96,184095.0252,239004.417,208122.93311770834,True
2022-12-04,96,186108.8789,238464.538,209548.82416354166,True
2022-12-05,96,185317.623,233561.1782,206142.87093541666,True
2022-12-06,96,183340.8783,227305.1612,201628.48616041665,True
2022-12-07,96,182441.3414,236838.309,207384.66947812503,True
2022-12-08,96,187191.5576,238850.8529,208489.03690833334,True
2022-12-09,96,185489.0349,238439.1525,208491.814446875,True
2022-12-10,96,187096.3786,238784.956,209322.94001041667,True
2022-12-11,96,185029.5599,238020.8496,207972.5355864583,True
2022-12-12,96,182732.8293,235260.4691,205802.86335625,True
2022-12-13,96,182628.8345,225834.6387,201506.76047812498,True
2022-12-14,96,181377.1394,239586.2965,208072.22317500002,True
2022-12-15,96,187637.4259,241472.6957,210043.02276770832,True
2022-12-16,96,185619.6982,240576.6064,209321.1516385417,True
2022-12-17,96,184426.9481,242596.837,210714.63707395832,True
2022-12-18,96,187902.2225,243892.4307,212273.48628020834,True
2022-12-19,96,189589.3481,237924.1197,210331.44571562498,True
2022-12-20,96,187812.9988,228080.0558,204814.51308229167,True
2022-12-21,96,185959.1785,240831.2142,208632.861178125,True
2022-12-22,96,186483.9543,239825.671,210137.44276770833,True
2022-12-23,96,188819.5254,239998.4021,210405.74150729168,True
2022-12-24,96,187954.148,238613.3952,209864.12041770833,True
2022-12-25,96,188131.242,241270.3658,210444.98550833334,True
2022-12-26,96,187907.8359,233707.919,206818.50160520835,True
2022-12-27,96,182559.3297,228691.0506,203307.13669375,True
2022-12-28,96,185024.2514,237276.6545,208448.45075,True
2022-12-29,96,185919.6498,240264.3658,209200.03182604167,True
2022-12-30,96,184877.1279,234852.4782,206028.49913645835,True
2022-12-31,96,180526.3952,233040.6799,201250.54535520833,True
2023-01-01,96,155191.2678,197261.8285,171944.30816666668,True
2023-01-02,96,147140.7059,216926.3802,185199.84363333334,True
2023-01-03,96,174685.0487,227274.5354,198563.23849375,True
2023-01-04,96,181839.9192,238898.5202,206607.30418541667,True
2023-01-05,96,185007.6871,239490.7252,208325.18063854167,True
2023-01-06,96,185950.7144,239761.3482,208101.68014375,True
2023-01-07,96,184258.0086,238957.749,209608.37218854166,True
2023-01-08,96,186218.4037,246508.9217,212713.73678020833,True
2023-01-09,96,185820.9347,240201.1257,209335.376490625,True
2023-01-10,96,184124.246,229352.7308,203616.20660208332,True
2023-01-11,96,147701.2929,244896.7687,199087.51942499998,True
2023-01-12,96,185194.7178,244265.7734,210152.74432083333,True
2023-01-13,96,183317.6918,242461.3837,208939.18959791667,True
2023-01-14,96,182729.9708,238489.7575,207464.67773020835,True
2023-01-15,96,180245.289,237310.3984,204277.13203020833,True
2023-01-16,96,174415.5239,231603.2119,200149.84011354166,True
2023-01-17,96,174608.3492,219009.0951,193573.4097625,True
2023-01-18,96,169940.4138,235638.484,199735.94214166666,True
2023-01-19,96,171937.2073,232847.358,199601.16825416664,True
2023-01-20,96,170613.2909,230892.0861,196525.401265625,True
2023-01-21,96,164943.1683,227913.9907,193791.99714999998,True
2023-01-22,96,165190.6639,228477.6556,192774.79565104167,True
2023-01-23,96,160757.0531,218947.1666,187466.86300937503,True
2023-01-24,96,155796.3726,209317.2446,181096.28218541667,True
2023-01-25,96,151694.0737,215857.4052,181766.4122875,True
2023-01-26,96,148371.1094,211853.0242,177668.253809375,True
2023-01-27,96,143849.5317,209384.8167,173454.48800625,True
2023-01-28,96,140473.8158,203272.4283,169416.66885104167,True
2023-01-29,96,135143.0626,201979.5902,166822.736675,True
2023-01-30,96,136253.7966,197591.5145,164042.81115,True
2023-01-31,96,132324.5797,184114.1391,156268.348378125,True
2023-02-01,96,126140.9558,191197.1007,158196.65596979167,True
2023-02-02,96,127573.4426,189790.009,157504.312821875,True
2023-02-03,96,126215.961,187235.2406,155101.099315625,True
2023-02-04,96,123536.4351,184260.8221,152486.96395416665,True
2023-02-05,96,121422.9278,181822.4042,150359.98518541668,True
2023-02-06,96,117626.6727,172128.7075,143295.46247708335,True
2023-02-07,96,114144.4599,170321.3836,140870.66828333333,True
2023-02-08,96,111434.5275,162283.7334,136284.10920104166,True
2023-02-09,96,108253.7139,157322.1258,131834.48928854166,True
2023-02-10,96,104896.8188,144197.4364,125231.451284375,True
2023-02-11,96,100797.3997,134859.6992,117223.04658333333,True
2023-02-12,96,100006.5686,140210.6116,117837.377546875,True
2023-02-13,96,99919.3266,141267.3752,118122.715878125,True
2023-02-14,96,100493.1039,142948.7468,119117.55952083333,True
2023-02-15,96,100151.4322,147552.0338,120790.0965625,True
2023-02-16,96,101442.4733,149423.4032,122987.34079739584,True
2023-02-17,96,102015.1062,150967.5166,123843.26585104167,True
2023-02-18,96,103255.9406,155547.8422,129452.95310104167,True
2023-02-19,96,106790.9887,168281.6695,137276.01392395832,True
2023-02-20,96,112719.0921,177049.1993,145469.15922395833,True
2023-02-21,96,118919.7545,186626.759,153231.35302812498,True
2023-02-22,96,133081.037,200784.3863,166967.75173541668,True
2023-02-23,19,139527.5961,168366.9385,151235.66877790698,False
2023-02-24,96,147714.5387,220423.3935,181971.8040788991,True
2023-02-25,72,159916.3127,223082.4364,192195.19897563133,False
2023-02-26,96,153898.887,225321.6956,184885.95550052085,True
2023-02-27,36,152635.5648,182472.4828,165055.97523925122,False
2023-02-28,96,154231.493,215130.1668,182873.74081236412,True
2023-03-01,96,154966.5136,232296.2395,192988.38885833335,True
2023-03-02,96,162553.5479,233139.4476,196408.41321145833,True
2023-03-03,96,166261.1808,237799.8373,199795.32202916665,True
2023-03-04,96,169157.4884,240040.3437,202030.32542604164,True
2023-03-05,96,174438.6809,241754.1209,204420.46224895833,True
2023-03-06,96,176064.8463,239838.2797,204224.81878020833,True
2023-03-07,96,175141.3851,227362.005,198265.96006458334,True
2023-03-08,96,175018.0844,242781.7341,206109.19244895832,True
2023-03-09,96,180149.086,243396.9301,208694.80226145833,True
2023-03-10,96,183026.9784,242794.1171,209644.347634375,True
2023-03-11,96,182567.9396,244712.6482,210335.05852708334,True
2023-03-12,96,183566.7983,247048.1126,213324.88984479164,True
2023-03-13,96,186037.4524,241627.6846,210810.983190625,True
2023-03-14,96,183995.6696,233492.396,205006.11465937502,True
2023-03-15,96,181898.977,247965.7571,210754.13778229165,True
2023-03-16,96,182694.9721,249660.6607,213951.87797291667,True
2023-03-17,96,187650.9677,252661.8086,217454.39648750002,True
2023-03-18,96,189735.2006,257781.5453,220318.23840520834,True
2023-03-19,96,191074.8517,258845.5956,221667.67868333333,True
2023-03-20,96,191091.8908,251904.3589,217539.00950000001,True
2023-03-21,96,186851.3712,230970.6873,204661.26859166668,True
2023-03-22,96,183276.4934,243191.2553,210329.08244062497,True
2023-03-23,96,187462.2485,244180.3722,212377.61437812503,True
2023-03-24,96,187498.9572,244880.2286,212941.4134,True
2023-03-25,96,187322.1511,246616.5637,214200.22378333332,True
2023-03-26,96,188087.2826,246271.2043,214446.01936875,True
2023-03-27,96,188721.0148,246362.9719,214872.15813124998,True
2023-03-28,96,189503.5138,243073.4855,213634.79926770832,True
2023-03-29,96,188712.4683,261064.1234,222499.37677291667,True
2023-03-30,96,195139.5871,267689.7391,227579.423278125,True
2023-03-31,96,196200.4266,263316.4464,224479.293225,True
2023-04-01,96,190778.8933,267430.7148,225789.71691458335,True
2023-04-02,96,195373.4646,268794.6822,226918.82152916666,True
2023-04-03,96,185810.0487,242777.1804,212180.43289375,True
2023-04-04,96,160593.8565,201361.7961,180860.60718958333,True
2023-04-05,96,153079.7723,227106.0518,191413.8451770833,True
2023-04-06,96,177528.8273,255045.5794,215123.14323854167,True
2023-04-07,96,191525.1321,256551.7666,220670.195665625,True
2023-04-08,96,191403.4655,252463.5476,218568.34917604167,True
2023-04-09,96,191102.7201,249346.1236,216189.2723885417,True
2023-04-10,96,190295.0148,245420.063,215404.53222395832,True
2023-04-11,96,189417.4913,242622.8806,212426.070303125,True
2023-04-12,96,191576.8697,262730.0839,224093.86466875,True
2023-04-13,96,195728.5921,268919.5842,228712.41295416665,True
2023-04-14,96,198940.6324,270592.9078,229748.8531270833,True
2023-04-15,96,198339.6474,264118.0711,224008.07259166669,True
2023-04-16,96,191708.0919,257628.7471,219412.92291041664,True
2023-04-17,96,191086.472,247991.3274,216779.208528125,True
2023-04-18,96,14429.9922,239820.5942,201469.99629166667,True
2023-04-19,96,185637.3545,251914.0396,216423.183921875,True
2023-04-20,96,191624.6476,254118.4957,219045.626965625,True
2023-04-21,96,192025.6728,260455.4831,223602.85522291667,True
2023-04-22,96,194727.7176,265033.7894,226149.18376041666,True
2023-04-23,96,196455.2685,270680.075,229703.36163020832,True
2023-04-24,96,193968.109,263033.1212,224814.29682604165,True
2023-04-25,96,194308.434,263705.1549,222722.65239895834,True
2023-04-26,29,32940.4734,210338.1321,175208.70231034482,False
2023-04-27,96,56561.6625,230145.1115,202720.56929895832,True
2023-04-28,96,84704.2968,229506.5913,203435.27114114584,True
2023-04-29,96,85035.1773,226720.8967,203676.0515348958,True
2023-04-30,96,91340.3289,227000.6334,200324.35452708334,True
2023-05-01,96,86966.5086,185259.8104,168053.98503385417,True
2023-05-02,96,99198.8047,200987.4876,171061.1072375,True
2023-05-03,96,64177.0407,213355.0718,183255.89800260417,True
2023-05-04,96,185109.6104,259688.9821,217618.50729479166,True
2023-05-05,96,191432.7528,258369.9263,221148.009603125,True
2023-05-06,96,195849.8042,273351.3468,228543.70604375002,True
2023-05-07,96,196093.6717,277192.1774,233152.45035520833,True
2023-05-08,96,200097.4616,282483.9416,237086.93989166667,True
2023-05-09,96,199865.7796,267265.2581,229694.34780416664,True
2023-05-10,96,198848.5605,284069.9999,237184.62316354166,True
2023-05-11,96,192323.3491,287697.8212,238161.5593625,True
2023-05-12,96,200893.8542,286748.9045,239825.41122395833,True
2023-05-13,96,171967.809,287906.2017,241319.77301770833,True
2023-05-14,96,206566.5595,284763.2868,240010.75267916665,True
2023-05-15,96,202924.8856,275494.0403,234535.07717291664,True
2023-05-16,96,193235.7973,267945.4877,230097.33467291668,True
2023-05-17,96,199433.7299,292638.0543,240902.82666979168,True
2023-05-18,96,205327.1345,293655.1528,243897.2932270833,True
2023-05-19,96,183034.1551,287651.2771,242191.017803125,True
2023-05-20,96,122742.9807,284369.1724,240058.69248020835,True
2023-05-21,96,203750.0468,282806.8966,240070.42378020834,True
2023-05-22,96,204207.9953,272687.2918,234349.09736979168,True
2023-05-23,96,203736.5877,269982.4019,232455.45194270834,True
2023-05-24,96,137237.4787,283095.6731,236437.13538541668,True
2023-05-25,96,200488.0758,278337.5723,238000.50461979167,True
2023-05-26,96,195534.9171,277090.1277,236152.67624895833,True
2023-05-27,96,155593.8767,278738.1227,236983.68065208333,True
2023-05-28,96,185276.3217,278133.1925,238355.29392916666,True
2023-05-29,96,176893.9616,263287.5505,227446.09636458333,True
2023-05-30,96,199141.8781,257060.7934,225145.480715625,True
2023-05-31,96,200937.6278,279118.9742,232175.27168541666,True
2023-06-01,96,195440.3296,269761.0625,226286.15131666666,True
2023-06-02,96,195187.9754,272159.4315,228217.75939375,True
2023-06-03,96,193214.9455,279550.5191,235132.13670520834,True
2023-06-04,96,189463.1009,270282.6626,227726.95101354166,True
2023-06-05,96,193203.4843,257975.7593,221857.64778124998,True
2023-06-06,96,197387.4673,254922.2349,222391.91646145834,True
2023-06-07,96,200468.1184,278333.5726,234377.50239791666,True
2023-06-08,96,201762.2363,280617.4681,235499.47920104166,True
2023-06-09,96,201498.4359,284108.9338,236825.90125,True
2023-06-10,96,201025.9442,284523.1931,236116.46320104168,True
2023-06-11,96,177897.9582,281482.8987,234001.22988333332,True
2023-06-12,96,193594.5972,265095.0013,226609.05420312498,True
2023-06-13,96,196503.6515,251169.232,217354.51852812502,True
2023-06-14,96,171136.9641,215741.544,193251.29689375,True
2023-06-15,96,165888.8871,281381.5371,223737.03905104168,True
2023-06-16,96,200391.7083,288130.3367,238437.6923125,True
2023-06-17,96,204092.129,289756.2559,239714.66206979167,True
2023-06-18,96,201684.1018,289031.6298,239899.14336458335,True
2023-06-19,96,174046.2139,279702.1231,235085.81183541668,True
2023-06-20,96,178336.0048,263958.0485,227215.6792625,True
2023-06-21,96,200858.0292,293668.8335,239562.49403229167,True
2023-06-22,96,199265.514,279647.9802,233498.93344270834,True
2023-06-23,96,200857.3383,277178.2929,230724.31411250003,True
2023-06-24,96,194715.5605,275933.0267,229689.10520416664,True
2023-06-25,96,161290.3825,283281.1744,233882.70904999998,True
2023-06-26,96,198057.2578,273016.5104,229463.94806041665,True
2023-06-27,96,186949.5474,262948.1572,224434.31458749998,True
2023-06-28,96,196440.2162,289269.0987,236021.41915416668,True
2023-06-29,96,199968.0388,287607.9187,237521.47599791666,True
2023-06-30,96,199682.8108,283108.8711,234666.71295624998,True
2023-07-01,96,194208.1504,283569.061,234643.433071875,True
2023-07-02,96,198467.1017,288896.8733,238713.32347499998,True
2023-07-03,96,186580.7529,282144.3857,235003.18639479167,True
2023-07-04,96,196680.4156,266769.395,229840.4440916667,True
2023-07-05,96,199725.8723,291707.4702,239967.78967083336,True
2023-07-06,96,200528.3155,293906.8436,241579.21465833334,True
2023-07-07,96,204469.8641,293000.1116,241853.58486354168,True
2023-07-08,96,200658.1082,292637.5225,242447.02351979166,True
2023-07-09,96,192675.3212,290071.5331,241794.14825104165,True
2023-07-10,96,202869.4572,280406.2265,236343.96965208332,True
2023-07-11,96,201192.0882,265263.5565,228541.07299166665,True
2023-07-12,96,197994.4377,296903.4134,241848.55142708332,True
2023-07-13,96,205087.6807,297940.7667,244298.3709052083,True
2023-07-14,96,204451.8427,297518.1475,244825.69504479168,True
2023-07-15,96,203619.5123,295229.7493,242834.61682187498,True
2023-07-16,96,176748.5573,290941.3413,239076.14175729165,True
2023-07-17,96,192991.6792,276596.8918,230813.1702416667,True
2023-07-18,96,194488.148,265036.6228,224773.88544062502,True
2023-07-19,96,192955.1358,286043.8597,234502.75302395833,True
2023-07-20,96,197618.7708,284999.0219,235037.54361249998,True
2023-07-21,96,199864.6029,283147.1292,233807.06303020834,True
2023-07-22,96,192596.2073,285135.6859,234656.58461458332,True
2023-07-23,96,157118.3672,289976.608,237703.72554479167,True
2023-07-24,96,197736.5685,279994.5543,235037.93417291666,True
2023-07-25,96,197544.1954,266310.0005,228106.45093541665,True
2023-07-26,96,196457.8454,290546.9334,237274.46130833332,True
2023-07-27,96,198723.0553,291851.0113,239720.52469583333,True
2023-07-28,96,199574.9985,287780.3093,239228.11098124998,True
2023-07-29,96,190268.0111,289034.4259,237447.999365625,True
2023-07-30,96,198678.9101,285215.6941,237011.80474791667,True
2023-07-31,96,157970.1199,275344.7005,227773.5107041667,True
2023-08-01,96,186037.5529,260637.7529,218658.09887916665,True
2023-08-02,96,176044.9468,284900.7341,230355.76816666665,True
2023-08-03,96,194205.5568,289209.0973,234749.7233958333,True
2023-08-04,96,194016.8389,285892.6269,234088.584034375,True
2023-08-05,96,193972.211,280292.7636,231861.21273333335,True
2023-08-06,96,194379.289,284681.6499,232925.76143020834,True
2023-08-07,96,194128.9501,275380.6489,228655.79244375,True
2023-08-08,96,174527.6276,259421.7674,221627.40026666666,True
2023-08-09,92,3294.5409,283524.9962,201267.80998586956,False
2023-08-10,96,192027.5904,279225.6487,228893.09406354165,True
2023-08-11,96,192138.946,281238.7353,229414.02673125,True
2023-08-12,96,191588.809,286814.3477,232901.77071145832,True
2023-08-13,96,167363.5785,284384.4596,232779.58396145832,True
2023-08-14,96,184205.7825,270718.6976,226529.92901249998,True
2023-08-15,96,190917.3183,255408.8861,216483.5692,True
2023-08-16,96,183820.2473,284429.1306,228956.3465041667,True
2023-08-17,96,192520.9951,287394.5761,234363.66015208335,True
2023-08-18,96,191657.1538,286183.2932,233062.69452291666,True
2023-08-19,96,194641.0218,283197.8842,232589.19624166668,True
2023-08-20,96,157809.8014,282857.9958,233047.26977916667,True
2023-08-21,96,179995.4059,271247.1051,227110.437340625,True
2023-08-22,96,193868.2305,261417.1123,222724.10815729166,True
2023-08-23,96,193908.432,285440.9907,233512.64405104166,True
2023-08-24,96,197184.1426,285304.5128,235447.02405208335,True
2023-08-25,96,198459.7026,283973.6636,234589.20991770833,True
2023-08-26,96,198353.6933,282771.3828,234598.55311875,True
2023-08-27,96,188463.0423,283786.508,233404.093515625,True
2023-08-28,96,195604.1868,272522.5991,229713.641184375,True
2023-08-29,96,196184.9794,261364.9171,224129.369634375,True
2023-08-30,96,192606.5953,285669.143,234017.24029999998,True
2023-08-31,96,191878.2274,280565.9749,229406.57341666668,True
